[
  {
    "Name": "Kiss Péter",
    "Password": "1234",
    "Subjects": [
      {
        "Name": "Matematika",
        "Grades": [
          {
            "Value": 5,
            "Topic": "Másodfokú egyenlet",
            "Type": "Írásbeli dolgozat"
          },
          {
            "Value": 2,
            "Topic": "Deriválás",
            "Type": "Szóbeli felelet"
          }
        ]
      },
      {
        "Name": "Történelem",
        "Grades": [
          {
            "Value": 3,
            "Topic": "1848-as forradalom",
            "Type": "Szóbeli felelet"
          }
        ]
      }
    ]
  }
]
